Id,Category
0,15
1,16
2,13
3,16
4,12
5,16
6,12
7,16
8,2
9,15
10,8
11,15
12,11
13,2
14,12
15,5
16,11
17,11
18,15
19,2
20,15
21,15
22,13
23,5
24,15
25,15
26,16
27,16
28,11
29,2
30,15
31,18
32,5
33,2
34,15
35,4
36,12
37,11
38,8
39,15
40,5
41,12
42,5
43,11
44,15
45,2
46,12
47,13
48,16
49,15
50,11
51,2
52,10
53,15
54,7
55,13
56,13
57,8
58,8
59,10
60,10
61,19
62,2
63,2
64,11
65,8
66,19
67,13
68,8
69,11
70,16
71,3
72,12
73,8
74,10
75,11
76,13
77,8
78,11
79,15
80,2
81,15
82,15
83,11
84,12
85,0
86,11
87,11
88,11
89,8
90,13
91,15
92,16
93,8
94,2
95,1
96,18
97,8
98,16
99,2
100,10
101,16
102,2
103,8
104,15
105,2
106,15
107,11
108,2
109,13
110,12
111,10
112,11
113,11
114,11
115,2
116,15
117,8
118,15
119,11
120,12
121,15
122,13
123,11
124,5
125,0
126,12
127,13
128,4
129,11
130,15
131,15
132,11
133,15
134,11
135,12
136,11
137,13
138,2
139,11
140,17
141,4
142,7
143,4
144,12
145,12
146,11
147,11
148,12
149,12
150,16
151,14
152,11
153,15
154,3
155,11
156,2
157,8
158,11
159,15
160,2
161,16
162,16
163,2
164,15
165,11
166,11
167,15
168,19
169,2
170,11
171,11
172,11
173,12
174,16
175,12
176,8
177,8
178,11
179,12
180,11
181,2
182,10
183,15
184,15
185,8
186,12
187,7
188,11
189,11
190,15
191,15
192,13
193,2
194,11
195,2
196,10
197,11
198,10
199,8
200,15
201,13
202,16
203,0
204,11
205,8
206,2
207,15
208,10
209,11
210,14
211,11
212,16
213,12
214,15
215,11
216,10
217,12
218,15
219,15
220,5
221,13
222,15
223,10
224,5
225,2
226,2
227,15
228,18
229,11
230,5
231,2
232,10
233,8
234,7
235,16
236,6
237,11
238,16
239,8
240,12
241,14
242,2
243,8
244,13
245,13
246,15
247,2
248,17
249,11
250,7
251,16
252,11
253,11
254,16
255,15
256,11
257,8
258,8
259,2
260,8
261,6
262,15
263,11
264,8
265,13
266,7
267,2
268,2
269,8
270,16
271,11
272,13
273,11
274,10
275,18
276,2
277,16
278,8
279,10
280,5
281,2
282,18
283,19
284,16
285,10
286,1
287,2
288,8
289,10
290,2
291,16
292,11
293,14
294,10
295,15
296,11
297,13
298,17
299,15
300,5
301,5
302,2
303,13
304,15
305,12
306,16
307,11
308,8
309,11
310,15
311,2
312,1
313,10
314,15
315,15
316,11
317,16
318,16
319,15
320,5
321,11
322,11
323,15
324,11
325,16
326,16
327,3
328,11
329,11
330,11
331,11
332,11
333,15
334,8
335,11
336,10
337,8
338,14
339,15
340,15
341,11
342,12
343,7
344,11
345,15
346,8
347,16
348,2
349,15
350,11
351,10
352,10
353,12
354,2
355,16
356,18
357,11
358,4
359,15
360,10
361,13
362,11
363,13
364,11
365,13
366,10
367,8
368,15
369,10
370,1
371,11
372,7
373,16
374,11
375,10
376,2
377,7
378,12
379,2
380,10
381,11
382,13
383,18
384,11
385,16
386,19
387,15
388,0
389,13
390,15
391,18
392,15
393,11
394,16
395,8
396,11
397,2
398,10
399,11
400,13
401,7
402,13
403,12
404,7
405,2
406,1
407,1
408,2
409,7
410,13
411,7
412,2
413,7
414,1
415,2
416,16
417,11
418,13
419,2
420,16
421,2
422,2
423,2
424,7
425,1
426,6
427,6
428,2
429,6
430,8
431,16
432,2
433,13
434,14
435,14
436,1
437,13
438,2
439,16
440,11
441,13
442,12
443,15
444,12
445,16
446,16
447,2
448,7
449,16
450,14
451,8
452,8
453,15
454,11
455,16
456,16
457,2
458,16
459,2
460,8
461,2
462,7
463,2
464,13
465,7
466,16
467,16
468,11
469,16
470,1
471,6
472,15
473,7
474,12
475,11
476,2
477,7
478,13
479,12
480,16
481,18
482,15
483,16
484,2
485,7
486,10
487,14
488,7
489,11
490,11
491,1
492,16
493,2
494,7
495,6
496,16
497,11
498,7
499,1
500,14
501,11
502,2
503,9
504,14
505,12
506,16
507,6
508,7
509,8
510,7
511,7
512,6
513,7
514,2
515,12
516,7
517,13
518,18
519,12
520,16
521,13
522,7
523,11
524,13
525,15
526,12
527,2
528,12
529,7
530,16
531,7
532,8
533,13
534,7
535,7
536,14
537,12
538,10
539,12
540,7
541,16
542,6
543,18
544,12
545,7
546,6
547,2
548,6
549,2
550,10
551,12
552,16
553,1
554,5
555,12
556,2
557,2
558,13
559,2
560,13
561,13
562,1
563,6
564,6
565,2
566,2
567,7
568,12
569,13
570,12
571,6
572,13
573,15
574,12
575,11
576,1
577,2
578,6
579,6
580,5
581,1
582,18
583,1
584,10
585,2
586,13
587,1
588,6
589,16
590,1
591,5
592,13
593,1
594,13
595,8
596,16
597,14
598,18
599,13
600,1
601,2
602,6
603,12
604,2
605,13
606,1
607,15
608,1
609,2
610,16
611,8
612,12
613,1
614,1
615,2
616,16
617,1
618,16
619,11
620,13
621,2
622,15
623,13
624,16
625,15
626,1
627,0
628,8
629,15
630,16
631,6
632,7
633,16
634,6
635,2
636,13
637,15
638,13
639,16
640,1
641,1
642,11
643,7
644,10
645,16
646,15
647,16
648,1
649,2
650,1
651,7
652,11
653,16
654,13
655,1
656,0
657,7
658,16
659,1
660,11
661,15
662,1
663,1
664,2
665,16
666,1
667,1
668,2
669,1
670,9
671,16
672,16
673,1
674,2
675,6
676,7
677,16
678,1
679,7
680,15
681,11
682,16
683,16
684,16
685,8
686,12
687,1
688,11
689,1
690,5
691,16
692,12
693,13
694,12
695,1
696,12
697,2
698,15
699,16
700,7
701,0
702,2
703,7
704,16
705,13
706,14
707,11
708,7
709,12
710,13
711,6
712,13
713,16
714,12
715,11
716,7
717,7
718,2
719,16
720,12
721,13
722,2
723,16
724,12
725,2
726,13
727,15
728,16
729,13
730,10
731,12
732,13
733,16
734,7
735,12
736,16
737,12
738,7
739,1
740,16
741,15
742,7
743,11
744,7
745,15
746,6
747,12
748,13
749,12
750,15
751,7
752,16
753,12
754,7
755,16
756,16
757,16
758,12
759,7
760,13
761,6
762,12
763,6
764,1
765,2
766,15
767,12
768,13
769,6
770,7
771,8
772,6
773,8
774,9
775,13
776,1
777,1
778,15
779,13
780,13
781,1
782,11
783,5
784,1
785,2
786,12
787,1
788,12
789,7
790,16
791,15
792,11
793,12
794,8
795,13
796,6
797,14
798,12
799,5
800,0
801,3
802,7
803,7
804,6
805,11
806,7
807,17
808,7
809,5
810,6
811,17
812,6
813,9
814,5
815,6
816,3
817,5
818,8
819,5
820,2
821,6
822,6
823,9
824,6
825,5
826,6
827,6
828,13
829,6
830,6
831,6
832,2
833,6
834,2
835,8
836,6
837,1
838,7
839,7
840,6
841,6
842,8
843,19
844,6
845,7
846,15
847,8
848,15
849,6
850,6
851,7
852,9
853,15
854,11
855,3
856,15
857,11
858,3
859,6
860,6
861,5
862,7
863,8
864,9
865,3
866,10
867,6
868,7
869,6
870,19
871,10
872,8
873,10
874,2
875,6
876,3
877,6
878,15
879,5
880,12
881,7
882,9
883,6
884,6
885,0
886,12
887,7
888,12
889,7
890,6
891,6
892,8
893,6
894,6
895,12
896,5
897,15
898,6
899,15
900,18
901,6
902,6
903,17
904,15
905,7
906,7
907,3
908,11
909,2
910,6
911,12
912,6
913,15
914,6
915,0
916,8
917,15
918,6
919,0
920,6
921,10
922,13
923,7
924,5
925,6
926,11
927,5
928,1
929,19
930,6
931,6
932,15
933,6
934,6
935,2
936,8
937,8
938,9
939,8
940,17
941,7
942,6
943,6
944,4
945,6
946,19
947,16
948,6
949,18
950,3
951,10
952,7
953,1
954,6
955,10
956,19
957,5
958,6
959,7
960,19
961,6
962,7
963,6
964,0
965,6
966,1
967,6
968,2
969,7
970,17
971,6
972,2
973,2
974,17
975,6
976,10
977,8
978,11
979,3
980,18
981,6
982,2
983,7
984,6
985,3
986,15
987,15
988,5
989,7
990,3
991,6
992,9
993,3
994,4
995,15
996,2
997,15
998,6
999,6
1000,6
1001,6
1002,6
1003,6
1004,7
1005,3
1006,8
1007,3
1008,19
1009,7
1010,6
1011,3
1012,11
1013,1
1014,15
1015,9
1016,6
1017,12
1018,7
1019,10
1020,3
1021,10
1022,19
1023,6
1024,3
1025,3
1026,12
1027,6
1028,7
1029,6
1030,7
1031,7
1032,10
1033,7
1034,6
1035,8
1036,18
1037,3
1038,15
1039,18
1040,19
1041,5
1042,7
1043,1
1044,3
1045,5
1046,1
1047,0
1048,3
1049,11
1050,5
1051,7
1052,3
1053,2
1054,8
1055,15
1056,5
1057,5
1058,18
1059,2
1060,5
1061,8
1062,3
1063,6
1064,15
1065,9
1066,7
1067,5
1068,9
1069,6
1070,0
1071,6
1072,10
1073,6
1074,2
1075,6
1076,6
1077,9
1078,8
1079,3
1080,7
1081,15
1082,11
1083,7
1084,15
1085,2
1086,0
1087,5
1088,15
1089,11
1090,9
1091,8
1092,3
1093,15
1094,3
1095,6
1096,15
1097,6
1098,0
1099,6
1100,1
1101,15
1102,18
1103,9
1104,5
1105,6
1106,7
1107,13
1108,2
1109,5
1110,8
1111,5
1112,6
1113,11
1114,8
1115,8
1116,6
1117,5
1118,7
1119,15
1120,6
1121,6
1122,6
1123,6
1124,11
1125,0
1126,6
1127,3
1128,5
1129,7
1130,15
1131,5
1132,6
1133,8
1134,8
1135,0
1136,7
1137,6
1138,6
1139,7
1140,3
1141,12
1142,11
1143,6
1144,8
1145,3
1146,5
1147,10
1148,8
1149,1
1150,2
1151,15
1152,7
1153,6
1154,7
1155,7
1156,8
1157,4
1158,8
1159,10
1160,1
1161,8
1162,18
1163,7
1164,5
1165,7
1166,4
1167,8
1168,1
1169,10
1170,2
1171,3
1172,6
1173,3
1174,10
1175,6
1176,6
1177,6
1178,19
1179,6
1180,6
1181,5
1182,1
1183,8
1184,3
1185,6
1186,15
1187,6
1188,5
1189,8
1190,6
1191,8
1192,1
1193,7
1194,3
1195,8
1196,2
1197,2
1198,6
1199,5
1200,15
1201,0
1202,3
1203,7
1204,17
1205,0
1206,7
1207,3
1208,9
1209,8
1210,7
1211,8
1212,3
1213,7
1214,8
1215,3
1216,7
1217,1
1218,8
1219,7
1220,7
1221,8
1222,3
1223,8
1224,15
1225,14
1226,8
1227,8
1228,6
1229,15
1230,8
1231,8
1232,6
1233,19
1234,7
1235,17
1236,7
1237,6
1238,17
1239,18
1240,7
1241,3
1242,7
1243,18
1244,14
1245,7
1246,7
1247,7
1248,15
1249,8
1250,7
1251,7
1252,9
1253,7
1254,0
1255,0
1256,18
1257,1
1258,17
1259,10
1260,7
1261,0
1262,5
1263,8
1264,0
1265,1
1266,9
1267,9
1268,7
1269,6
1270,7
1271,17
1272,14
1273,8
1274,15
1275,6
1276,9
1277,8
1278,8
1279,7
1280,6
1281,3
1282,15
1283,10
1284,10
1285,14
1286,3
1287,15
1288,18
1289,9
1290,7
1291,6
1292,1
1293,10
1294,3
1295,3
1296,12
1297,7
1298,0
1299,4
1300,3
1301,7
1302,3
1303,15
1304,6
1305,9
1306,11
1307,6
1308,11
1309,8
1310,6
1311,17
1312,6
1313,0
1314,6
1315,11
1316,7
1317,6
1318,6
1319,0
1320,8
1321,7
1322,8
1323,18
1324,11
1325,0
1326,8
1327,14
1328,3
1329,11
1330,6
1331,6
1332,6
1333,18
1334,6
1335,11
1336,6
1337,11
1338,8
1339,15
1340,6
1341,9
1342,8
1343,8
1344,18
1345,6
1346,7
1347,0
1348,4
1349,8
1350,6
1351,10
1352,8
1353,6
1354,8
1355,7
1356,0
1357,6
1358,12
1359,3
1360,6
1361,18
1362,16
1363,6
1364,8
1365,6
1366,3
1367,6
1368,11
1369,7
1370,0
1371,14
1372,6
1373,14
1374,8
1375,7
1376,6
1377,0
1378,3
1379,8
1380,6
1381,7
1382,6
1383,0
1384,14
1385,8
1386,6
1387,0
1388,6
1389,6
1390,4
1391,3
1392,7
1393,11
1394,7
1395,7
1396,1
1397,3
1398,8
1399,4
1400,7
1401,5
1402,9
1403,15
1404,7
1405,9
1406,9
1407,8
1408,3
1409,18
1410,6
1411,7
1412,6
1413,6
1414,17
1415,7
1416,3
1417,7
1418,9
1419,14
1420,6
1421,6
1422,0
1423,6
1424,12
1425,7
1426,7
1427,18
1428,1
1429,5
1430,14
1431,14
1432,8
1433,2
1434,8
1435,9
1436,11
1437,0
1438,2
1439,6
1440,6
1441,10
1442,0
1443,6
1444,7
1445,1
1446,18
1447,7
1448,6
1449,7
1450,8
1451,3
1452,18
1453,8
1454,0
1455,1
1456,9
1457,0
1458,0
1459,7
1460,10
1461,8
1462,14
1463,6
1464,7
1465,12
1466,10
1467,7
1468,3
1469,11
1470,6
1471,8
1472,18
1473,8
1474,5
1475,7
1476,6
1477,15
1478,3
1479,15
1480,7
1481,18
1482,0
1483,9
1484,17
1485,3
1486,3
1487,6
1488,17
1489,15
1490,7
1491,16
1492,5
1493,11
1494,7
1495,6
1496,12
1497,18
1498,7
1499,6
1500,7
1501,14
1502,0
1503,6
1504,17
1505,0
1506,15
1507,6
1508,18
1509,14
1510,17
1511,6
1512,7
1513,9
1514,12
1515,0
1516,3
1517,6
1518,0
1519,18
1520,0
1521,10
1522,0
1523,18
1524,11
1525,6
1526,2
1527,18
1528,18
1529,6
1530,7
1531,18
1532,6
1533,6
1534,9
1535,8
1536,9
1537,0
1538,8
1539,8
1540,6
1541,0
1542,4
1543,6
1544,8
1545,3
1546,12
1547,0
1548,15
1549,6
1550,8
1551,6
1552,6
1553,17
1554,8
1555,17
1556,0
1557,16
1558,12
1559,10
1560,18
1561,6
1562,7
1563,10
1564,10
1565,7
1566,0
1567,0
1568,14
1569,3
1570,9
1571,14
1572,13
1573,9
1574,8
1575,6
1576,0
1577,6
1578,7
1579,8
1580,7
1581,6
1582,0
1583,0
1584,0
1585,9
1586,6
1587,6
1588,9
1589,1
1590,6
1591,10
1592,9
1593,6
1594,8
1595,14
1596,8
1597,3
1598,7
1599,7
1600,15
1601,1
1602,8
1603,18
1604,14
1605,3
1606,16
1607,7
1608,3
1609,7
1610,1
1611,8
1612,7
1613,15
1614,8
1615,8
1616,18
1617,16
1618,10
1619,7
1620,14
1621,14
1622,3
1623,7
1624,2
1625,16
1626,7
1627,1
1628,5
1629,1
1630,7
1631,18
1632,15
1633,8
1634,14
1635,8
1636,2
1637,2
1638,7
1639,7
1640,7
1641,7
1642,7
1643,2
1644,7
1645,2
1646,8
1647,10
1648,7
1649,3
1650,8
1651,15
1652,1
1653,7
1654,18
1655,7
1656,7
1657,7
1658,7
1659,8
1660,3
1661,7
1662,6
1663,8
1664,3
1665,15
1666,6
1667,8
1668,8
1669,7
1670,8
1671,7
1672,10
1673,6
1674,14
1675,8
1676,1
1677,7
1678,8
1679,8
1680,7
1681,11
1682,7
1683,8
1684,15
1685,7
1686,8
1687,8
1688,10
1689,3
1690,6
1691,7
1692,3
1693,14
1694,8
1695,4
1696,15
1697,8
1698,8
1699,7
1700,7
1701,3
1702,7
1703,7
1704,6
1705,8
1706,3
1707,7
1708,10
1709,11
1710,8
1711,7
1712,3
1713,15
1714,6
1715,2
1716,9
1717,7
1718,6
1719,7
1720,16
1721,10
1722,4
1723,7
1724,7
1725,3
1726,7
1727,14
1728,7
1729,8
1730,7
1731,3
1732,7
1733,1
1734,7
1735,7
1736,3
1737,7
1738,16
1739,8
1740,7
1741,16
1742,8
1743,16
1744,7
1745,14
1746,3
1747,11
1748,14
1749,10
1750,3
1751,3
1752,7
1753,16
1754,7
1755,8
1756,8
1757,12
1758,1
1759,1
1760,10
1761,7
1762,14
1763,8
1764,7
1765,7
1766,16
1767,14
1768,6
1769,8
1770,8
1771,0
1772,7
1773,10
1774,4
1775,8
1776,1
1777,4
1778,10
1779,6
1780,8
1781,14
1782,1
1783,1
1784,8
1785,14
1786,5
1787,3
1788,8
1789,8
1790,7
1791,3
1792,15
1793,8
1794,14
1795,13
1796,10
1797,14
1798,1
1799,7
1800,7
1801,6
1802,8
1803,18
1804,8
1805,6
1806,15
1807,8
1808,18
1809,10
1810,8
1811,7
1812,8
1813,7
1814,10
1815,10
1816,7
1817,8
1818,10
1819,5
1820,7
1821,1
1822,6
1823,7
1824,3
1825,10
1826,7
1827,7
1828,7
1829,7
1830,1
1831,3
1832,6
1833,7
1834,8
1835,8
1836,6
1837,8
1838,10
1839,7
1840,7
1841,6
1842,8
1843,3
1844,3
1845,6
1846,8
1847,7
1848,2
1849,8
1850,8
1851,6
1852,7
1853,3
1854,7
1855,6
1856,15
1857,11
1858,8
1859,3
1860,3
1861,6
1862,18
1863,8
1864,7
1865,18
1866,7
1867,7
1868,8
1869,8
1870,7
1871,8
1872,8
1873,1
1874,7
1875,8
1876,10
1877,8
1878,14
1879,7
1880,6
1881,5
1882,1
1883,7
1884,8
1885,1
1886,8
1887,2
1888,8
1889,7
1890,8
1891,7
1892,1
1893,8
1894,8
1895,3
1896,8
1897,7
1898,7
1899,8
1900,15
1901,8
1902,7
1903,11
1904,13
1905,3
1906,8
1907,7
1908,10
1909,7
1910,17
1911,3
1912,14
1913,6
1914,8
1915,7
1916,10
1917,12
1918,7
1919,18
1920,7
1921,5
1922,6
1923,7
1924,3
1925,10
1926,7
1927,8
1928,10
1929,7
1930,7
1931,3
1932,7
1933,7
1934,3
1935,1
1936,7
1937,14
1938,7
1939,10
1940,8
1941,3
1942,8
1943,15
1944,10
1945,18
1946,8
1947,15
1948,3
1949,7
1950,6
1951,10
1952,7
1953,7
1954,8
1955,1
1956,6
1957,7
1958,7
1959,8
1960,8
1961,7
1962,7
1963,13
1964,7
1965,2
1966,7
1967,7
1968,8
1969,8
1970,16
1971,10
1972,7
1973,8
1974,8
1975,7
1976,10
1977,7
1978,7
1979,14
1980,5
1981,7
1982,3
1983,8
1984,1
1985,7
1986,7
1987,7
1988,18
1989,3
1990,1
1991,7
1992,8
1993,3
1994,7
1995,7
1996,8
1997,5
1998,8
1999,7
2000,2
2001,9
2002,9
2003,9
2004,9
2005,9
2006,9
2007,9
2008,9
2009,9
2010,9
2011,9
2012,9
2013,10
2014,14
2015,18
2016,9
2017,9
2018,9
2019,13
2020,9
2021,19
2022,9
2023,14
2024,9
2025,3
2026,9
2027,14
2028,18
2029,17
2030,18
2031,9
2032,18
2033,14
2034,18
2035,9
2036,9
2037,18
2038,14
2039,18
2040,4
2041,7
2042,15
2043,3
2044,9
2045,9
2046,18
2047,11
2048,9
2049,9
2050,18
2051,9
2052,0
2053,18
2054,2
2055,18
2056,18
2057,9
2058,18
2059,9
2060,18
2061,2
2062,7
2063,9
2064,2
2065,9
2066,14
2067,9
2068,9
2069,14
2070,9
2071,18
2072,12
2073,9
2074,2
2075,18
2076,18
2077,7
2078,6
2079,17
2080,12
2081,11
2082,18
2083,15
2084,9
2085,18
2086,2
2087,18
2088,10
2089,4
2090,9
2091,5
2092,18
2093,18
2094,9
2095,10
2096,13
2097,1
2098,9
2099,4
2100,19
2101,9
2102,18
2103,9
2104,9
2105,18
2106,2
2107,9
2108,6
2109,18
2110,2
2111,9
2112,12
2113,17
2114,6
2115,12
2116,10
2117,12
2118,14
2119,15
2120,2
2121,3
2122,6
2123,1
2124,5
2125,15
2126,17
2127,6
2128,0
2129,9
2130,0
2131,14
2132,10
2133,16
2134,15
2135,9
2136,10
2137,9
2138,18
2139,9
2140,9
2141,2
2142,2
2143,9
2144,19
2145,9
2146,6
2147,9
2148,5
2149,9
2150,11
2151,9
2152,12
2153,10
2154,15
2155,15
2156,18
2157,18
2158,18
2159,18
2160,18
2161,7
2162,9
2163,11
2164,18
2165,9
2166,18
2167,2
2168,0
2169,9
2170,15
2171,8
2172,18
2173,9
2174,9
2175,12
2176,3
2177,18
2178,12
2179,9
2180,18
2181,12
2182,18
2183,9
2184,9
2185,18
2186,3
2187,12
2188,2
2189,18
2190,18
2191,12
2192,18
2193,9
2194,2
2195,9
2196,12
2197,15
2198,14
2199,9
2200,19
2201,9
2202,3
2203,13
2204,10
2205,13
2206,10
2207,10
2208,3
2209,15
2210,3
2211,4
2212,6
2213,15
2214,9
2215,4
2216,15
2217,18
2218,10
2219,9
2220,2
2221,9
2222,9
2223,0
2224,9
2225,14
2226,18
2227,9
2228,3
2229,4
2230,10
2231,18
2232,18
2233,18
2234,14
2235,12
2236,9
2237,9
2238,18
2239,18
2240,19
2241,9
2242,9
2243,9
2244,18
2245,10
2246,9
2247,18
2248,4
2249,9
2250,3
2251,18
2252,9
2253,9
2254,10
2255,15
2256,14
2257,3
2258,3
2259,18
2260,9
2261,9
2262,8
2263,14
2264,8
2265,18
2266,5
2267,9
2268,14
2269,12
2270,9
2271,2
2272,15
2273,10
2274,6
2275,3
2276,5
2277,12
2278,12
2279,13
2280,9
2281,18
2282,3
2283,10
2284,12
2285,3
2286,7
2287,10
2288,11
2289,18
2290,19
2291,12
2292,18
2293,12
2294,14
2295,6
2296,18
2297,18
2298,9
2299,14
2300,8
2301,9
2302,14
2303,16
2304,18
2305,12
2306,17
2307,9
2308,18
2309,15
2310,12
2311,18
2312,15
2313,8
2314,18
2315,12
2316,10
2317,6
2318,8
2319,10
2320,3
2321,13
2322,9
2323,10
2324,5
2325,12
2326,18
2327,4
2328,10
2329,2
2330,15
2331,13
2332,10
2333,15
2334,8
2335,14
2336,17
2337,13
2338,14
2339,15
2340,4
2341,14
2342,9
2343,4
2344,18
2345,1
2346,1
2347,12
2348,14
2349,18
2350,1
2351,15
2352,12
2353,15
2354,6
2355,11
2356,2
2357,0
2358,3
2359,15
2360,5
2361,12
2362,18
2363,14
2364,6
2365,14
2366,13
2367,8
2368,18
2369,10
2370,3
2371,3
2372,14
2373,3
2374,6
2375,1
2376,12
2377,0
2378,15
2379,15
2380,5
2381,18
2382,3
2383,15
2384,5
2385,14
2386,12
2387,14
2388,8
2389,15
2390,14
2391,0
2392,14
2393,14
2394,11
2395,9
2396,14
2397,9
2398,12
2399,9
2400,19
2401,16
2402,8
2403,19
2404,15
2405,2
2406,15
2407,18
2408,19
2409,9
2410,9
2411,19
2412,10
2413,6
2414,10
2415,3
2416,14
2417,15
2418,6
2419,9
2420,9
2421,6
2422,2
2423,10
2424,11
2425,5
2426,18
2427,7
2428,14
2429,8
2430,5
2431,8
2432,6
2433,6
2434,9
2435,18
2436,1
2437,19
2438,6
2439,14
2440,6
2441,6
2442,18
2443,1
2444,5
2445,6
2446,7
2447,6
2448,10
2449,6
2450,7
2451,10
2452,10
2453,19
2454,19
2455,6
2456,19
2457,11
2458,9
2459,19
2460,1
2461,15
2462,13
2463,7
2464,1
2465,6
2466,8
2467,11
2468,19
2469,1
2470,1
2471,5
2472,9
2473,6
2474,14
2475,7
2476,9
2477,9
2478,2
2479,15
2480,11
2481,5
2482,5
2483,10
2484,11
2485,7
2486,8
2487,3
2488,8
2489,10
2490,9
2491,9
2492,2
2493,0
2494,1
2495,19
2496,9
2497,19
2498,10
2499,14
2500,10
2501,14
2502,6
2503,19
2504,19
2505,16
2506,9
2507,13
2508,3
2509,9
2510,5
2511,9
2512,10
2513,15
2514,12
2515,15
2516,6
2517,10
2518,19
2519,14
2520,7
2521,9
2522,19
2523,1
2524,3
2525,19
2526,8
2527,19
2528,8
2529,15
2530,7
2531,14
2532,11
2533,15
2534,14
2535,2
2536,1
2537,1
2538,8
2539,15
2540,7
2541,19
2542,12
2543,1
2544,8
2545,15
2546,15
2547,15
2548,10
2549,2
2550,10
2551,9
2552,1
2553,14
2554,1
2555,15
2556,5
2557,7
2558,9
2559,14
2560,6
2561,7
2562,11
2563,9
2564,5
2565,15
2566,6
2567,10
2568,12
2569,14
2570,7
2571,19
2572,7
2573,3
2574,9
2575,6
2576,9
2577,6
2578,19
2579,18
2580,19
2581,7
2582,6
2583,6
2584,6
2585,9
2586,9
2587,14
2588,6
2589,9
2590,15
2591,5
2592,8
2593,6
2594,2
2595,0
2596,6
2597,3
2598,12
2599,8
2600,9
2601,5
2602,19
2603,10
2604,6
2605,2
2606,0
2607,10
2608,15
2609,19
2610,1
2611,12
2612,11
2613,8
2614,9
2615,12
2616,9
2617,19
2618,19
2619,14
2620,19
2621,14
2622,0
2623,7
2624,6
2625,7
2626,19
2627,5
2628,7
2629,1
2630,6
2631,9
2632,1
2633,9
2634,2
2635,12
2636,2
2637,5
2638,8
2639,1
2640,6
2641,5
2642,3
2643,1
2644,19
2645,18
2646,14
2647,15
2648,2
2649,19
2650,6
2651,1
2652,6
2653,3
2654,1
2655,11
2656,14
2657,1
2658,15
2659,6
2660,8
2661,2
2662,7
2663,1
2664,0
2665,1
2666,18
2667,9
2668,13
2669,19
2670,7
2671,8
2672,9
2673,9
2674,6
2675,6
2676,2
2677,7
2678,9
2679,9
2680,6
2681,7
2682,7
2683,1
2684,1
2685,1
2686,5
2687,19
2688,5
2689,15
2690,1
2691,9
2692,1
2693,19
2694,2
2695,19
2696,7
2697,7
2698,19
2699,14
2700,6
2701,2
2702,15
2703,18
2704,1
2705,6
2706,10
2707,10
2708,13
2709,9
2710,19
2711,6
2712,0
2713,19
2714,3
2715,8
2716,12
2717,9
2718,19
2719,19
2720,7
2721,14
2722,11
2723,6
2724,3
2725,14
2726,5
2727,9
2728,5
2729,6
2730,19
2731,6
2732,5
2733,19
2734,3
2735,9
2736,6
2737,12
2738,14
2739,6
2740,7
2741,15
2742,1
2743,19
2744,6
2745,3
2746,6
2747,2
2748,2
2749,9
2750,6
2751,10
2752,19
2753,3
2754,15
2755,4
2756,14
2757,3
2758,14
2759,3
2760,6
2761,8
2762,7
2763,2
2764,7
2765,3
2766,14
2767,11
2768,18
2769,19
2770,15
2771,0
2772,6
2773,10
2774,10
2775,19
2776,11
2777,10
2778,11
2779,1
2780,11
2781,6
2782,10
2783,15
2784,5
2785,11
2786,8
2787,15
2788,18
2789,7
2790,5
2791,9
2792,14
2793,16
2794,11
2795,9
2796,9
2797,8
2798,10
2799,3
2800,5
2801,4
2802,2
2803,3
2804,2
2805,5
2806,8
2807,15
2808,10
2809,5
2810,15
2811,8
2812,15
2813,15
2814,6
2815,2
2816,11
2817,10
2818,18
2819,3
2820,0
2821,9
2822,19
2823,11
2824,3
2825,8
2826,12
2827,19
2828,3
2829,19
2830,15
2831,4
2832,3
2833,18
2834,8
2835,18
2836,9
2837,3
2838,10
2839,9
2840,10
2841,18
2842,5
2843,2
2844,8
2845,2
2846,9
2847,6
2848,10
2849,19
2850,3
2851,5
2852,5
2853,18
2854,15
2855,4
2856,3
2857,19
2858,8
2859,10
2860,2
2861,6
2862,5
2863,5
2864,18
2865,18
2866,2
2867,12
2868,3
2869,18
2870,19
2871,3
2872,5
2873,2
2874,4
2875,19
2876,15
2877,3
2878,10
2879,5
2880,8
2881,5
2882,2
2883,3
2884,8
2885,9
2886,16
2887,5
2888,3
2889,7
2890,5
2891,18
2892,19
2893,18
2894,6
2895,6
2896,15
2897,3
2898,15
2899,18
2900,4
2901,5
2902,5
2903,4
2904,15
2905,15
2906,4
2907,8
2908,4
2909,18
2910,8
2911,5
2912,7
2913,2
2914,2
2915,2
2916,8
2917,15
2918,18
2919,15
2920,11
2921,18
2922,12
2923,15
2924,12
2925,5
2926,18
2927,7
2928,2
2929,18
2930,3
2931,19
2932,5
2933,2
2934,2
2935,2
2936,19
2937,2
2938,15
2939,11
2940,5
2941,15
2942,12
2943,11
2944,12
2945,2
2946,2
2947,11
2948,15
2949,3
2950,3
2951,6
2952,3
2953,2
2954,2
2955,9
2956,15
2957,10
2958,2
2959,5
2960,12
2961,4
2962,5
2963,2
2964,16
2965,2
2966,2
2967,3
2968,19
2969,19
2970,10
2971,16
2972,16
2973,15
2974,2
2975,3
2976,12
2977,10
2978,2
2979,15
2980,10
2981,3
2982,15
2983,15
2984,4
2985,5
2986,2
2987,12
2988,10
2989,3
2990,2
2991,5
2992,10
2993,2
2994,10
2995,15
2996,15
2997,2
2998,19
2999,16
3000,8
3001,10
3002,2
3003,19
3004,11
3005,7
3006,11
3007,11
3008,10
3009,15
3010,8
3011,15
3012,16
3013,2
3014,19
3015,16
3016,19
3017,2
3018,5
3019,2
3020,4
3021,5
3022,10
3023,19
3024,4
3025,2
3026,2
3027,19
3028,2
3029,3
3030,2
3031,19
3032,11
3033,15
3034,16
3035,6
3036,15
3037,16
3038,18
3039,10
3040,10
3041,9
3042,15
3043,15
3044,19
3045,9
3046,10
3047,10
3048,4
3049,10
3050,2
3051,7
3052,15
3053,8
3054,8
3055,2
3056,19
3057,14
3058,2
3059,7
3060,12
3061,2
3062,9
3063,10
3064,3
3065,6
3066,3
3067,12
3068,19
3069,15
3070,0
3071,2
3072,15
3073,11
3074,16
3075,15
3076,15
3077,4
3078,16
3079,5
3080,9
3081,2
3082,2
3083,8
3084,18
3085,4
3086,4
3087,10
3088,15
3089,16
3090,12
3091,11
3092,3
3093,15
3094,12
3095,12
3096,9
3097,16
3098,19
3099,9
3100,8
3101,5
3102,11
3103,18
3104,16
3105,2
3106,10
3107,5
3108,2
3109,3
3110,19
3111,11
3112,13
3113,10
3114,12
3115,0
3116,6
3117,3
3118,19
3119,5
3120,5
3121,10
3122,15
3123,16
3124,15
3125,5
3126,11
3127,3
3128,9
3129,5
3130,15
3131,0
3132,7
3133,2
3134,15
3135,19
3136,2
3137,16
3138,8
3139,3
3140,8
3141,16
3142,3
3143,15
3144,7
3145,6
3146,2
3147,4
3148,10
3149,18
3150,2
3151,2
3152,18
3153,0
3154,6
3155,3
3156,16
3157,3
3158,12
3159,12
3160,3
3161,15
3162,4
3163,15
3164,19
3165,16
3166,3
3167,2
3168,2
3169,3
3170,3
3171,14
3172,2
3173,16
3174,5
3175,10
3176,2
3177,15
3178,2
3179,12
3180,18
3181,19
3182,16
3183,2
3184,2
3185,3
3186,15
3187,3
3188,3
3189,5
3190,10
3191,13
3192,7
3193,4
3194,7
3195,2
3196,3
3197,2
3198,2
3199,8
3200,19
3201,11
3202,10
3203,8
3204,10
3205,12
3206,14
3207,3
3208,7
3209,15
3210,3
3211,6
3212,12
3213,15
3214,10
3215,19
3216,6
3217,12
3218,0
3219,12
3220,10
3221,8
3222,15
3223,18
3224,2
3225,5
3226,16
3227,10
3228,10
3229,3
3230,10
3231,16
3232,0
3233,1
3234,14
3235,10
3236,12
3237,14
3238,0
3239,6
3240,0
3241,10
3242,19
3243,8
3244,14
3245,4
3246,10
3247,1
3248,19
3249,6
3250,19
3251,18
3252,18
3253,3
3254,8
3255,18
3256,18
3257,0
3258,14
3259,9
3260,0
3261,14
3262,16
3263,11
3264,4
3265,15
3266,6
3267,4
3268,19
3269,10
3270,4
3271,4
3272,4
3273,3
3274,11
3275,10
3276,19
3277,10
3278,10
3279,14
3280,10
3281,8
3282,8
3283,3
3284,10
3285,8
3286,18
3287,18
3288,12
3289,1
3290,10
3291,3
3292,4
3293,3
3294,14
3295,14
3296,8
3297,4
3298,10
3299,10
3300,18
3301,14
3302,15
3303,11
3304,10
3305,3
3306,8
3307,0
3308,4
3309,0
3310,0
3311,15
3312,6
3313,0
3314,0
3315,0
3316,12
3317,17
3318,0
3319,3
3320,3
3321,11
3322,11
3323,13
3324,12
3325,11
3326,7
3327,7
3328,7
3329,17
3330,7
3331,18
3332,0
3333,0
3334,7
3335,1
3336,7
3337,18
3338,0
3339,17
3340,7
3341,7
3342,0
3343,18
3344,0
3345,0
3346,6
3347,0
3348,18
3349,0
3350,6
3351,6
3352,0
3353,11
3354,0
3355,3
3356,8
3357,10
3358,0
3359,0
3360,0
3361,0
3362,18
3363,17
3364,3
3365,0
3366,12
3367,10
3368,0
3369,3
3370,0
3371,8
3372,14
3373,19
3374,5
3375,0
3376,15
3377,4
3378,18
3379,4
3380,0
3381,7
3382,0
3383,0
3384,8
3385,0
3386,3
3387,12
3388,6
3389,11
3390,19
3391,0
3392,3
3393,9
3394,6
3395,7
3396,7
3397,3
3398,7
3399,18
3400,0
3401,13
3402,7
3403,18
3404,7
3405,12
3406,8
3407,8
3408,19
3409,13
3410,0
3411,0
3412,5
3413,7
3414,1
3415,18
3416,11
3417,4
3418,11
3419,2
3420,1
3421,8
3422,3
3423,0
3424,13
3425,18
3426,0
3427,0
3428,10
3429,19
3430,8
3431,18
3432,7
3433,3
3434,11
3435,19
3436,6
3437,0
3438,18
3439,0
3440,12
3441,13
3442,3
3443,2
3444,3
3445,3
3446,7
3447,0
3448,10
3449,3
3450,18
3451,8
3452,0
3453,0
3454,7
3455,1
3456,4
3457,0
3458,17
3459,17
3460,0
3461,17
3462,1
3463,11
3464,12
3465,4
3466,18
3467,0
3468,8
3469,10
3470,3
3471,18
3472,1
3473,17
3474,8
3475,0
3476,5
3477,5
3478,0
3479,18
3480,0
3481,15
3482,0
3483,7
3484,10
3485,3
3486,0
3487,1
3488,0
3489,12
3490,7
3491,5
3492,0
3493,1
3494,10
3495,4
3496,18
3497,0
3498,18
3499,15
3500,1
3501,14
3502,0
3503,17
3504,18
3505,11
3506,13
3507,13
3508,17
3509,0
3510,1
3511,0
3512,7
3513,0
3514,7
3515,11
3516,15
3517,17
3518,12
3519,17
3520,0
3521,0
3522,17
3523,0
3524,8
3525,0
3526,0
3527,0
3528,0
3529,0
3530,6
3531,17
3532,0
3533,11
3534,5
3535,15
3536,0
3537,19
3538,8
3539,0
3540,3
3541,15
3542,4
3543,18
3544,0
3545,12
3546,12
3547,18
3548,1
3549,3
3550,6
3551,18
3552,1
3553,11
3554,18
3555,13
3556,18
3557,7
3558,0
3559,5
3560,17
3561,11
3562,1
3563,3
3564,8
3565,11
3566,11
3567,12
3568,13
3569,0
3570,8
3571,13
3572,11
3573,14
3574,4
3575,18
3576,6
3577,7
3578,1
3579,13
3580,8
3581,18
3582,0
3583,5
3584,17
3585,13
3586,18
3587,0
3588,17
3589,8
3590,17
3591,11
3592,0
3593,8
3594,3
3595,0
3596,19
3597,11
3598,4
3599,15
3600,14
3601,19
3602,13
3603,4
3604,11
3605,2
3606,9
3607,4
3608,9
3609,6
3610,8
3611,11
3612,6
3613,9
3614,7
3615,6
3616,6
3617,8
3618,4
3619,6
3620,8
3621,6
3622,4
3623,11
3624,8
3625,7
3626,2
3627,9
3628,3
3629,2
3630,11
3631,11
3632,4
3633,12
3634,3
3635,7
3636,11
3637,9
3638,7
3639,18
3640,2
3641,10
3642,9
3643,11
3644,11
3645,8
3646,10
3647,6
3648,2
3649,11
3650,2
3651,9
3652,2
3653,2
3654,7
3655,9
3656,6
3657,9
3658,9
3659,7
3660,10
3661,9
3662,9
3663,1
3664,9
3665,9
3666,10
3667,11
3668,3
3669,3
3670,8
3671,11
3672,9
3673,9
3674,18
3675,11
3676,6
3677,3
3678,13
3679,6
3680,2
3681,2
3682,1
3683,11
3684,11
3685,2
3686,7
3687,6
3688,9
3689,9
3690,3
3691,6
3692,3
3693,18
3694,9
3695,2
3696,8
3697,18
3698,11
3699,9
3700,17
3701,9
3702,7
3703,6
3704,4
3705,4
3706,11
3707,3
3708,9
3709,11
3710,4
3711,13
3712,2
3713,1
3714,9
3715,11
3716,9
3717,10
3718,9
3719,2
3720,11
3721,8
3722,4
3723,13
3724,11
3725,3
3726,2
3727,2
3728,1
3729,11
3730,9
3731,3
3732,9
3733,1
3734,7
3735,9
3736,9
3737,9
3738,7
3739,12
3740,2
3741,11
3742,6
3743,3
3744,4
3745,4
3746,6
3747,12
3748,18
3749,2
3750,7
3751,19
3752,11
3753,11
3754,9
3755,8
3756,4
3757,11
3758,4
3759,11
3760,8
3761,10
3762,10
3763,4
3764,3
3765,11
3766,8
3767,3
3768,9
3769,13
3770,19
3771,10
3772,9
3773,6
3774,9
3775,7
3776,12
3777,1
3778,13
3779,9
3780,2
3781,1
3782,11
3783,7
3784,11
3785,9
3786,9
3787,6
3788,9
3789,9
3790,11
3791,3
3792,19
3793,11
3794,8
3795,18
3796,2
3797,8
3798,11
3799,19
3800,9
3801,12
3802,6
3803,18
3804,18
3805,3
3806,3
3807,11
3808,9
3809,8
3810,11
3811,17
3812,3
3813,7
3814,8
3815,19
3816,9
3817,4
3818,6
3819,4
3820,3
3821,10
3822,11
3823,19
3824,13
3825,15
3826,11
3827,6
3828,4
3829,9
3830,2
3831,11
3832,3
3833,3
3834,13
3835,19
3836,2
3837,11
3838,9
3839,9
3840,9
3841,19
3842,6
3843,4
3844,4
3845,18
3846,2
3847,11
3848,6
3849,9
3850,4
3851,10
3852,9
3853,6
3854,15
3855,2
3856,10
3857,10
3858,6
3859,3
3860,19
3861,3
3862,9
3863,1
3864,11
3865,9
3866,11
3867,9
3868,6
3869,11
3870,4
3871,18
3872,10
3873,9
3874,11
3875,13
3876,8
3877,1
3878,4
3879,18
3880,11
3881,15
3882,11
3883,6
3884,8
3885,6
3886,15
3887,9
3888,15
3889,9
3890,9
3891,11
3892,11
3893,10
3894,11
3895,9
3896,19
3897,1
3898,8
3899,3
3900,13
3901,3
3902,4
3903,19
3904,9
3905,11
3906,3
3907,18
3908,2
3909,4
3910,17
3911,4
3912,11
3913,2
3914,11
3915,6
3916,13
3917,9
3918,3
3919,18
3920,7
3921,4
3922,11
3923,4
3924,3
3925,7
3926,6
3927,9
3928,11
3929,10
3930,12
3931,1
3932,3
3933,11
3934,15
3935,7
3936,3
3937,3
3938,11
3939,10
3940,2
3941,8
3942,18
3943,9
3944,9
3945,9
3946,11
3947,7
3948,4
3949,9
3950,9
3951,3
3952,7
3953,0
3954,3
3955,15
3956,4
3957,3
3958,9
3959,11
3960,11
3961,9
3962,4
3963,9
3964,7
3965,11
3966,4
3967,3
3968,9
3969,11
3970,6
3971,3
3972,11
3973,3
3974,8
3975,12
3976,6
3977,2
3978,6
3979,11
3980,11
3981,4
3982,7
3983,9
3984,10
3985,11
3986,4
3987,10
3988,6
3989,10
3990,8
3991,11
3992,10
3993,12
3994,9
3995,4
3996,7
3997,8
3998,12
3999,9
4000,17
4001,15
4002,4
4003,13
4004,3
4005,11
4006,17
4007,11
4008,3
4009,4
4010,15
4011,14
4012,11
4013,15
4014,12
4015,1
4016,5
4017,15
4018,13
4019,11
4020,1
4021,16
4022,17
4023,1
4024,18
4025,4
4026,12
4027,9
4028,5
4029,4
4030,17
4031,4
4032,0
4033,12
4034,17
4035,7
4036,19
4037,15
4038,3
4039,1
4040,8
4041,3
4042,3
4043,17
4044,4
4045,10
4046,0
4047,8
4048,1
4049,15
4050,13
4051,1
4052,15
4053,14
4054,3
4055,9
4056,3
4057,1
4058,8
4059,4
4060,8
4061,1
4062,1
4063,17
4064,15
4065,19
4066,1
4067,1
4068,8
4069,14
4070,14
4071,11
4072,17
4073,1
4074,17
4075,12
4076,1
4077,1
4078,14
4079,1
4080,18
4081,17
4082,3
4083,9
4084,15
4085,12
4086,17
4087,15
4088,8
4089,4
4090,7
4091,9
4092,4
4093,9
4094,17
4095,1
4096,15
4097,14
4098,12
4099,17
4100,10
4101,11
4102,17
4103,3
4104,17
4105,3
4106,17
4107,9
4108,12
4109,15
4110,11
4111,3
4112,15
4113,1
4114,4
4115,8
4116,9
4117,7
4118,15
4119,15
4120,18
4121,1
4122,6
4123,1
4124,7
4125,14
4126,0
4127,14
4128,15
4129,18
4130,7
4131,7
4132,7
4133,10
4134,9
4135,13
4136,11
4137,7
4138,3
4139,15
4140,9
4141,3
4142,11
4143,10
4144,9
4145,11
4146,14
4147,14
4148,1
4149,14
4150,4
4151,11
4152,7
4153,5
4154,3
4155,15
4156,15
4157,11
4158,13
4159,5
4160,18
4161,12
4162,4
4163,3
4164,16
4165,17
4166,11
4167,11
4168,15
4169,3
4170,0
4171,1
4172,17
4173,16
4174,14
4175,9
4176,5
4177,11
4178,11
4179,15
4180,7
4181,9
4182,14
4183,0
4184,9
4185,15
4186,15
4187,9
4188,1
4189,3
4190,17
4191,15
4192,6
4193,1
4194,0
4195,11
4196,13
4197,4
4198,1
4199,3
4200,5
4201,3
4202,3
4203,11
4204,3
4205,15
4206,3
4207,6
4208,18
4209,3
4210,5
4211,17
4212,4
4213,9
4214,15
4215,4
4216,15
4217,3
4218,1
4219,3
4220,3
4221,12
4222,15
4223,16
4224,12
4225,11
4226,14
4227,15
4228,13
4229,18
4230,14
4231,15
4232,9
4233,3
4234,6
4235,15
4236,15
4237,1
4238,11
4239,15
4240,15
4241,11
4242,6
4243,17
4244,11
4245,16
4246,1
4247,12
4248,15
4249,1
4250,11
4251,14
4252,14
4253,11
4254,7
4255,5
4256,18
4257,14
4258,11
4259,15
4260,13
4261,12
4262,14
4263,13
4264,14
4265,15
4266,11
4267,18
4268,11
4269,1
4270,4
4271,15
4272,4
4273,9
4274,12
4275,15
4276,17
4277,5
4278,15
4279,12
4280,17
4281,16
4282,4
4283,17
4284,13
4285,1
4286,18
4287,5
4288,4
4289,4
4290,7
4291,7
4292,3
4293,15
4294,5
4295,12
4296,5
4297,17
4298,11
4299,11
4300,11
4301,5
4302,9
4303,11
4304,11
4305,8
4306,11
4307,14
4308,15
4309,11
4310,4
4311,17
4312,3
4313,14
4314,4
4315,4
4316,7
4317,11
4318,1
4319,15
4320,15
4321,4
4322,9
4323,17
4324,13
4325,5
4326,17
4327,14
4328,11
4329,18
4330,1
4331,0
4332,17
4333,0
4334,3
4335,13
4336,4
4337,14
4338,4
4339,14
4340,16
4341,11
4342,11
4343,15
4344,11
4345,12
4346,12
4347,5
4348,14
4349,4
4350,3
4351,7
4352,12
4353,11
4354,14
4355,3
4356,14
4357,0
4358,12
4359,11
4360,1
4361,15
4362,14
4363,11
4364,18
4365,15
4366,4
4367,15
4368,4
4369,15
4370,0
4371,0
4372,3
4373,17
4374,8
4375,11
4376,12
4377,0
4378,18
4379,1
4380,12
4381,14
4382,10
4383,16
4384,14
4385,5
4386,9
4387,1
4388,4
4389,4
4390,12
4391,8
4392,14
4393,4
4394,0
4395,7
4396,11
4397,15
4398,15
4399,3
4400,11
4401,1
4402,10
4403,7
4404,1
4405,15
4406,15
4407,12
4408,5
4409,3
4410,12
4411,17
4412,9
4413,14
4414,11
4415,5
4416,19
4417,8
4418,7
4419,13
4420,19
4421,3
4422,13
4423,0
4424,1
4425,19
4426,1
4427,18
4428,7
4429,17
4430,8
4431,16
4432,8
4433,19
4434,15
4435,5
4436,10
4437,7
4438,8
4439,19
4440,1
4441,12
4442,8
4443,4
4444,19
4445,15
4446,16
4447,5
4448,3
4449,19
4450,17
4451,19
4452,18
4453,18
4454,3
4455,12
4456,12
4457,8
4458,18
4459,17
4460,4
4461,17
4462,11
4463,11
4464,8
4465,8
4466,4
4467,17
4468,12
4469,11
4470,15
4471,1
4472,5
4473,5
4474,11
4475,18
4476,13
4477,11
4478,8
4479,7
4480,6
4481,6
4482,10
4483,17
4484,4
4485,4
4486,5
4487,10
4488,19
4489,9
4490,14
4491,14
4492,18
4493,14
4494,4
4495,3
4496,16
4497,19
4498,1
4499,6
4500,3
4501,3
4502,3
4503,17
4504,15
4505,0
4506,14
4507,1
4508,15
4509,2
4510,1
4511,8
4512,6
4513,7
4514,15
4515,4
4516,15
4517,9
4518,18
4519,15
4520,3
4521,18
4522,0
4523,10
4524,9
4525,15
4526,19
4527,2
4528,15
4529,6
4530,15
4531,13
4532,12
4533,13
4534,13
4535,5
4536,8
4537,15
4538,12
4539,8
4540,17
4541,5
4542,8
4543,17
4544,13
4545,11
4546,17
4547,0
4548,15
4549,18
4550,1
4551,15
4552,10
4553,18
4554,13
4555,11
4556,18
4557,0
4558,19
4559,15
4560,17
4561,5
4562,14
4563,18
4564,12
4565,5
4566,13
4567,7
4568,18
4569,8
4570,15
4571,8
4572,5
4573,8
4574,10
4575,3
4576,15
4577,5
4578,1
4579,11
4580,1
4581,11
4582,5
4583,1
4584,1
4585,7
4586,5
4587,8
4588,10
4589,8
4590,16
4591,7
4592,10
4593,5
4594,7
4595,8
4596,18
4597,3
4598,7
4599,19
4600,11
4601,17
4602,1
4603,4
4604,8
4605,0
4606,15
4607,19
4608,13
4609,18
4610,0
4611,10
4612,17
4613,15
4614,18
4615,18
4616,6
4617,14
4618,3
4619,18
4620,5
4621,19
4622,17
4623,5
4624,5
4625,19
4626,10
4627,4
4628,15
4629,7
4630,7
4631,16
4632,19
4633,18
4634,10
4635,11
4636,6
4637,18
4638,11
4639,15
4640,0
4641,0
4642,0
4643,12
4644,15
4645,13
4646,5
4647,15
4648,3
4649,3
4650,15
4651,11
4652,12
4653,5
4654,15
4655,19
4656,11
4657,15
4658,13
4659,1
4660,11
4661,7
4662,1
4663,10
4664,5
4665,13
4666,15
4667,18
4668,19
4669,8
4670,5
4671,15
4672,11
4673,15
4674,9
4675,0
4676,19
4677,1
4678,12
4679,15
4680,6
4681,5
4682,9
4683,16
4684,5
4685,11
4686,1
4687,10
4688,5
4689,12
4690,12
4691,15
4692,15
4693,1
4694,2
4695,4
4696,14
4697,12
4698,5
4699,11
4700,9
4701,0
4702,19
4703,7
4704,17
4705,14
4706,11
4707,7
4708,3
4709,11
4710,6
4711,5
4712,8
4713,19
4714,16
4715,8
4716,11
4717,17
4718,5
4719,19
4720,7
4721,15
4722,7
4723,9
4724,8
4725,17
4726,2
4727,7
4728,6
4729,8
4730,8
4731,9
4732,8
4733,8
4734,8
4735,13
4736,0
4737,1
4738,4
4739,1
4740,8
4741,1
4742,15
4743,13
4744,10
4745,4
4746,18
4747,8
4748,13
4749,18
4750,18
4751,5
4752,12
4753,15
4754,11
4755,3
4756,8
4757,11
4758,0
4759,8
4760,10
4761,12
4762,5
4763,12
4764,11
4765,3
4766,13
4767,4
4768,1
4769,6
4770,3
4771,19
4772,15
4773,3
4774,5
4775,17
4776,5
4777,15
4778,19
4779,1
4780,19
4781,15
4782,10
4783,0
4784,15
4785,6
4786,15
4787,13
4788,15
4789,17
4790,6
4791,14
4792,17
4793,8
4794,3
4795,4
4796,0
4797,1
4798,10
4799,6
4800,8
4801,4
4802,8
4803,8
4804,3
4805,16
4806,4
4807,19
4808,3
4809,6
4810,4
4811,11
4812,4
4813,4
4814,9
4815,16
4816,3
4817,18
4818,7
4819,13
4820,15
4821,4
4822,8
4823,2
4824,9
4825,11
4826,7
4827,3
4828,16
4829,10
4830,16
4831,4
4832,4
4833,8
4834,6
4835,13
4836,13
4837,7
4838,13
4839,8
4840,13
4841,0
4842,3
4843,6
4844,4
4845,16
4846,16
4847,4
4848,16
4849,9
4850,12
4851,4
4852,8
4853,13
4854,8
4855,12
4856,8
4857,8
4858,11
4859,0
4860,7
4861,4
4862,6
4863,8
4864,4
4865,7
4866,7
4867,16
4868,9
4869,15
4870,16
4871,4
4872,3
4873,9
4874,16
4875,7
4876,13
4877,7
4878,7
4879,3
4880,0
4881,7
4882,16
4883,19
4884,3
4885,3
4886,4
4887,11
4888,6
4889,4
4890,8
4891,4
4892,3
4893,8
4894,19
4895,8
4896,17
4897,16
4898,7
4899,12
4900,15
4901,0
4902,6
4903,19
4904,7
4905,0
4906,13
4907,2
4908,6
4909,11
4910,2
4911,16
4912,8
4913,15
4914,19
4915,15
4916,16
4917,9
4918,6
4919,9
4920,9
4921,8
4922,8
4923,4
4924,8
4925,4
4926,1
4927,3
4928,11
4929,7
4930,16
4931,16
4932,8
4933,8
4934,3
4935,13
4936,12
4937,19
4938,19
4939,14
4940,0
4941,6
4942,4
4943,15
4944,6
4945,7
4946,9
4947,6
4948,4
4949,3
4950,16
4951,19
4952,7
4953,7
4954,12
4955,9
4956,4
4957,0
4958,3
4959,7
4960,8
4961,6
4962,8
4963,19
4964,8
4965,2
4966,16
4967,8
4968,13
4969,11
4970,16
4971,7
4972,15
4973,15
4974,6
4975,3
4976,19
4977,7
4978,16
4979,16
4980,19
4981,15
4982,15
4983,0
4984,15
4985,18
4986,9
4987,11
4988,7
4989,6
4990,11
4991,15
4992,8
4993,6
4994,12
4995,9
4996,15
4997,7
4998,15
4999,15
5000,8
5001,16
5002,7
5003,13
5004,0
5005,15
5006,3
5007,9
5008,13
5009,19
5010,8
5011,16
5012,16
5013,3
5014,8
5015,11
5016,8
5017,6
5018,16
5019,4
5020,9
5021,6
5022,4
5023,11
5024,2
5025,7
5026,6
5027,8
5028,6
5029,15
5030,8
5031,15
5032,4
5033,3
5034,4
5035,6
5036,3
5037,8
5038,16
5039,6
5040,12
5041,6
5042,8
5043,4
5044,3
5045,10
5046,15
5047,8
5048,16
5049,11
5050,8
5051,16
5052,12
5053,4
5054,7
5055,11
5056,4
5057,5
5058,8
5059,15
5060,2
5061,7
5062,16
5063,7
5064,14
5065,3
5066,11
5067,6
5068,8
5069,8
5070,11
5071,3
5072,4
5073,8
5074,0
5075,19
5076,12
5077,0
5078,7
5079,9
5080,13
5081,8
5082,3
5083,6
5084,15
5085,8
5086,15
5087,3
5088,12
5089,6
5090,8
5091,4
5092,15
5093,15
5094,15
5095,8
5096,12
5097,11
5098,6
5099,16
5100,4
5101,2
5102,8
5103,15
5104,13
5105,14
5106,16
5107,12
5108,19
5109,4
5110,9
5111,11
5112,3
5113,9
5114,16
5115,0
5116,15
5117,8
5118,15
5119,4
5120,2
5121,13
5122,11
5123,8
5124,13
5125,2
5126,6
5127,4
5128,19
5129,19
5130,19
5131,7
5132,13
5133,8
5134,4
5135,9
5136,6
5137,14
5138,8
5139,9
5140,6
5141,15
5142,5
5143,6
5144,6
5145,16
5146,6
5147,15
5148,13
5149,13
5150,15
5151,4
5152,7
5153,4
5154,15
5155,6
5156,4
5157,7
5158,0
5159,8
5160,4
5161,8
5162,7
5163,8
5164,15
5165,4
5166,7
5167,15
5168,6
5169,16
5170,6
5171,2
5172,19
5173,4
5174,11
5175,6
5176,3
5177,16
5178,16
5179,7
5180,0
5181,8
5182,8
5183,12
5184,4
5185,7
5186,16
5187,6
5188,3
5189,8
5190,16
5191,19
5192,2
5193,0
5194,11
5195,7
5196,3
5197,13
5198,19
5199,7
